date,target_word,guess_count,guess_word1,guess_word2,guess_word3,guess_word4,guess_word5,guess_word6
1665935033.9171999,frame,-1,hello,world,green,white,abuse,fetal
1665935210.8469172,adore,2,adorn,adore,,,,
1665935274.549983,bloom,-1,carry,catch,world,shark,bunch,blood
1665935335.549576,cache,6,input,cliff,candy,cheat,camel,cache
1665935378.6963441,email,5,world,erase,equip,embed,email,
1665935424.504321,grade,6,white,green,great,gloat,grace,grade
1665935509.846447,first,6,white,ghost,green,world,final,first
1665935566.3636632,latte,-1,least,leapt,label,later,layer,lapse
